{
    "TimeSlots":[
                 {
                 "Id":15,
                 "StartTime":"8:00 AM",
                 "EndTime":"9:00 AM"
                 },
                 {
                 "Id":10,
                 "StartTime":"11:30 AM",
                 "EndTime":"1:00 PM"
                 },
                 {
                 "Id":12,
                 "StartTime":"5:20 PM",
                 "EndTime":"7:30 PM"
                 },
                 {
                 "Id":3,
                 "StartTime":"9:15 AM",
                 "EndTime":"10:15 AM"
                 },
                 {
                 "Id":5,
                 "StartTime":"1:00 PM",
                 "EndTime":"2:00 PM"
                 },
                 {
                 "Id":6,
                 "StartTime":"2:15 PM",
                 "EndTime":"3:15 PM"
                 },
                 {
                 "Id":7,
                 "StartTime":"3:30 PM",
                 "EndTime":"4:30 PM"
                 },
                 {
                 "Id":4,
                 "StartTime":"10:30 AM",
                 "EndTime":"11:30 AM"
                 }
                 ],
    "Tracks":[
              {
              "Id":32,
              "Name":"Web / Javascript",
              "Location":"Theater 11",
              "SponsorId":46
              },
              {
              "Id":33,
              "Name":"Application Development",
              "Location":"Theater 18",
              "SponsorId":30
              },
              {
              "Id":34,
              "Name":"Architecture / Methodologies",
              "Location":"Theater 7",
              "SponsorId":41
              },
              {
              "Id":37,
              "Name":"Cloud",
              "Location":"Theater 14",
              "SponsorId":39
              },
              {
              "Id":35,
              "Name":"Quality / Security",
              "Location":"Theater 9",
              "SponsorId":27
              },
              {
              "Id":38,
              "Name":"Soft Skills",
              "Location":"Theater 17",
              "SponsorId":40
              },
              {
              "Id":36,
              "Name":"UX / Design",
              "Location":"Theater 1",
              "SponsorId":34
              },
              {
              "Id":39,
              "Name":"*.*",
              "Location":"Theater 8",
              "SponsorId":31
              }
              ],
    "Speakers":[
                {
                "Id":90,
                "Name":"Chris Love",
                "Bio":"Chris has over 20 years, yes that\u0027s right, of web development experience. He has built a wide variety of web sites and applications in those years. In recent years he has begun to immerse himself in the modern, single page web application space. This has giving him some amazing experiences using HTML5, JavaScript, CSS and responsive design. Currently he is obsessed with modern web and mobility to help solve the problems many enterprises are having adapting to the rapidly changing technology landscape. He has authored 3 books, including his latest, High Performance Single Page Web Applications, http://amzn.to/1b0twcm. He is an 8 time ASP.NET MVP, ASP Insider and Internet Explorer User Agent. Chris regularly speaks at user groups, code camps and other developer events. He Blogs at http://love2dev.com.",
                "ImageUrl":"http://stirtrek.com/Content/Images/Speakers/Chris-Love.png"
                },
                {
                "Id":92,
                "Name":"Michael Baltic",
                "Bio":"A Principal developer with Cardinal Solutions, I have been building modern software for over 10 years in the Columbus area.",
                "ImageUrl":"http://stirtrek.com/Content/Images/Speakers/Michael-Baltic.png"
                },
                {
                "Id":93,
                "Name":"Christopher Fahey",
                "Bio":"I am dedicated to developing software in an agile manner. My experience is with web application development and enjoys developing with HTML/CSS/JavaScript, Java, and various mobile technologies. I enjoy writing code that makes myself and others say to themselves “this is clean, extensible and it uses various technologies benefiting of their different strengths.”",
                "ImageUrl":"http://stirtrek.com/Content/Images/Speakers/Christopher-Fahey.png"
                },
                {
                "Id":94,
                "Name":"Mike Earley",
                "Bio":"Mike Earley has been working in the web design and development industry since 1998. He has worked as a business analyst, project manager, software designer, front-end developer, illustrator, user experience designer. He is currently employed at Cardinal Health, where he works at The Fuse, Cardinal\u0027s innovative development team. Mike performs multiple duties at The Fuse, including User Experience design, CSS Development, Illustration, and teaching and training the staff at the Fuse on how to become better product designers.",
                "ImageUrl":"http://stirtrek.com/Content/Images/Speakers/Mike-Earley.png"
                },
                {
                "Id":95,
                "Name":"Brent Schooley",
                "Bio":"Brent is a Developer Evangelist for Twilio representing the Philadelphia metro. He is a software developer who has been working with Microsoft technologies since 2004. His interests include client and mobile application development and user experience design with a recent emphasis on cross-platform mobile applications and client-side JavaScript frameworks. Other platforms he has worked with include WPF, Silverlight, Windows Forms, Windows Phone, and Windows 8. Brent is the author of Designing for Windows 8, a Windows 8 design primer from Apress. He is a Microsoft MVP in Client App Development as well as a Xamarin MVP.",
                "ImageUrl":"http://stirtrek.com/Content/Images/Speakers/Brent-Schooley.png"
                },
                {
                "Id":97,
                "Name":"Eric Flecher",
                "Bio":"Eric’s business card says “mobile and omni-channel service offering lead”. Translated to English that means he believes in the power of technology in all aspects of business and consumer life. In his spare time he hacks code, runs, and lifts heavy weights (not at he same time as that would be dangerous). He is married to his amazing wife Ali (added by proof reading grammar wife).",
                "ImageUrl":"http://stirtrek.com/Content/Images/Speakers/Eric-Flecher.png"
                },
                {
                "Id":96,
                "Name":"Jerel R. Hass",
                "Bio":"Jerel is a developer and user experience specialist by day; father, husband, and farmer by night. He enjoys bringing the light and joy that is C# to the Escher world of Object-C. He has used C# and Mono to create amazing native experience in both Line of Business applications and Video games. Jerel has a Bachelor and Master degree in Computer Information Systems and lives as far from the city as a decent internet connection will allow.",
                "ImageUrl":"http://stirtrek.com/Content/Images/Speakers/Thor.jpg"
                },
                {
                "Id":99,
                "Name":"Parag Joshi",
                "Bio":"Parag Joshi (@ilovethexbox ) is a Mobile Architect working for Centric Consulting LLC and has over 17 years software development experience working on various technologies. He is co director of the Cincinnati DotNet User Group (CINNUG.org) and also director of the Cincinnati All Things Mobile User Group (Catmug.org).  Besides working with different Microsoft Technologies and developing iOS and Android applications, he spends time teaching his 11 yr old how to play tennis and writing apps to track scores. His current project in development is using beacons to track tennis swings.",
                "ImageUrl":"http://stirtrek.com/Content/Images/Speakers/Parag-Joshi.png"
                },
                {
                "Id":100,
                "Name":"Kevin Devine",
                "Bio":"I\u0027ve worn many hats, Webmaster, Applications Developer, Network Administrator, Database Administrator and Senior Software Engineer. I have been at companies that rely on stored procedures exclusively and those that use an ORM to abstract it all away. This experience puts me in a position to talk about optimizing SQL and seeing it from both sides.",
                "ImageUrl":"http://stirtrek.com/Content/Images/Speakers/Kevin-Devine.png"
                },
                {
                "Id":101,
                "Name":"Jared Faris",
                "Bio":"Jared is a Microsoft MVP and the Director of Technology Services at HMB (http://www.hmbnet.com), an IT services company based out of Columbus, OH. His focus is on building great development teams through training, mentoring, and prodigious amounts of caffeine. He’s spent years building web applications with cloud and mobile experience. Jared helps organize multiple conferences in Columbus, OH and is a frequent speaker at regional events; if he doesn\u0027t have some deadline he doesn\u0027t know what to do with himself. You can find out more about him at http://jaredthenerd.com or follow him @jaredthenerd",
                "ImageUrl":"http://stirtrek.com/Content/Images/Speakers/Jared-Faris.png"
                },
                {
                "Id":102,
                "Name":"Jim Holmes",
                "Bio":"Jim is the owner/principal of Guidepost Systems. He has been in various corners of the IT world since joining the US Air Force in 1982. He’s spent time in LAN/WAN and server management roles in addition to many years helping teams and customers deliver great systems. Jim has worked with organizations ranging from start ups to Fortune 100 companies to improve their delivery processes and ship better value to their customers. Jim’s been in many different environments but greatly prefers those adopting practices from Lean and Agile communities. When not at work you might find Jim in the kitchen with a glass of wine, playing Xbox, hiking with his family, or banished to the garage while trying to practice his guitar.",
                "ImageUrl":"http://stirtrek.com/Content/Images/Speakers/Jim-Holmes.png"
                },
                {
                "Id":103,
                "Name":"Dave Swersky",
                "Bio":"I’ve been in IT for over 18 years, filling a variety of roles (often many at the same time) including product support, software development, and Enterprise Architecture. The arc started with building PCs for retail sale, when the 486 was state of the art. It continued from there to 1-800-BE-A-GEEK (if you lived in Dallas in the late 90s you’ll know what that was…) Next was Microsoft, where I learned how to learn about technology. I then switched to software development full time for a variety of positions in Real estate, digital marketing, and banking. Today I work in Enterprise Architecture, researching software development standards and planning DevOps Transformation. When I’m not writing code or researching, I’m spending time with my family, writing software, and blowing up pixels on screens.",
                "ImageUrl":"http://stirtrek.com/Content/Images/Speakers/Dave-Swersky.png"
                },
                {
                "Id":104,
                "Name":"William Klos",
                "Bio":"William Klos is a Senior Architect and Centric’s National Cloud Services Lead. Bill’s career has spanned many aspects of computing and at times has architected solutions from the perspective of data, networking, enterprise, and security – but is primarily an application architect. Most recent experience has him providing solutions around Mobility, Cloud, and Big Data architectures as well as API design and development. Bill has been involved with technology since abandoning his desire to be a real architect and stumbling into his first computer science class in 1985. Since then he has typically pushed companies into “what’s next.”",
                "ImageUrl":"http://stirtrek.com/Content/Images/Speakers/William-Klos.png"
                },
                {
                "Id":105,
                "Name":"Steve Smith",
                "Bio":"Steve is an entrepreneur and software developer with a passion for building quality software as effectively as possible. He is currently the Chief Technology Officer of Falafel Software. Steve has published several courses on Pluralsight, covering DDD, SOLID, design patterns, and software architecture. He\u0027s a Microsoft Regional Director and MVP, a frequent speaker at developer conferences, an author, and a trainer. Along with his wife and business partner, Michelle Smith, Steve was also the founder of Lake Quincy Media (acquired by The Code Project) and NimblePros (acquired by Telerik). Steve\u0027s an ex-Army Engineer officer and Iraq veteran who enjoys playing games and spending time outdoors.",
                "ImageUrl":"http://stirtrek.com/Content/Images/Speakers/Steve-Smith.png"
                },
                {
                "Id":106,
                "Name":"Craig Stuntz",
                "Bio":"Craig Stuntz is a software engineer and a lifelong student of computer science, with specific interests in programming languages, type theory, compilers, and math. He lives in Columbus, Ohio, works for Improving Enterprises, and cofounded the Columbus branch of Papers We Love, a reading group for people interested in academic computer science research. When not at work or playing with his kids, he is usually studying math or playing Irish traditional music on the tin whistle and wooden flute.",
                "ImageUrl":"http://stirtrek.com/Content/Images/Speakers/Craig-Stuntz.png"
                },
                {
                "Id":107,
                "Name":"Chris Farrell",
                "Bio":"Chris Farrell is the .Net Competency Manager at Quick Solutions in Columbus, OH and he has been a .Net developer since 2002. Over the years he has been a lead contributor on an open source project with 150,000+ users, a mentor and teacher to countless developers and an active member of the developer community both attending and presenting at a number of .Net user groups and conferences.",
                "ImageUrl":"http://stirtrek.com/Content/Images/Speakers/Chris-Farrell.png"
                },
                {
                "Id":108,
                "Name":"David Stanek",
                "Bio":"David Stanek has been developing software professionally for over 17 years. He is currently a Software Engineer at Rackspace. Python has been his language of choice for over 14 years both on and off of the job. David spends much of his free work time working on open source projects and sharpening his technical skills. He helps organize the Cleveland Area Python Interest Group. He\u0027s also a cofounder and co-host of From Python Import Podcast. He enjoys reading technical books and listening to a variety of podcasts and audio books. Google him for more information. When he\u0027s not working he enjoys spending time with his beautiful wife and 4 wonderful children.",
                "ImageUrl":"http://stirtrek.com/Content/Images/Speakers/David-Stanek.png"
                },
                {
                "Id":109,
                "Name":"Nicolas Martin",
                "Bio":"Nick Martin is a principal consultant at Cardinal Solutions, with over 10 years of experience developing and architecting enterprise applications. Nick is passionate about helping clients get the most out of their development efforts through following best practices and Agile processes. He also helps lead an internal development user group to help bring out the passions and share the expertise of his colleagues. He recently started his toughest project to date: developing a decent human being (fatherhood).",
                "ImageUrl":"http://stirtrek.com/Content/Images/Speakers/Nicolas-Martin.png"
                },
                {
                "Id":110,
                "Name":"Michael Meadows",
                "Bio":"Michael has been a professional programmer and architect for thirteen years, and a hacker for much longer. He has served as architect on multiple large-scale, cloud-based Line-of-Business implementation projects. Additionally, Michael has extensive experience building high volume, processor intensive business logic applications. He is a Director at Quick Solutions, Inc (QSI) in Columbus, Ohio where he chairs the Architecture Council, and leads the Enterprise Application Integration service offering.",
                "ImageUrl":"http://stirtrek.com/Content/Images/Speakers/Michael-Meadows.png"
                },
                {
                "Id":111,
                "Name":"James Bender",
                "Bio":"James has been involved in software development and architecture for almost 20 years. He has worked as a developer and architect on everything from small, single-user applications to Enterprise-scale, multi-user systems. His specialties are .NET development and architecture, TDD, SOA, WCF, Web Development, cloud computing, and agile development methodologies. He is an experienced mentor and author. James is a Microsoft MVP, Chairman of the Midwest Tech Fest and former President of the Central Ohio .NET Developers Group. James\u0027s book \"Professional Test Driven Development with C#: Developing Real World Applications with TDD\" was released in May of 2011. James\u0027s Twitter ID is JamesBender",
                "ImageUrl":"http://stirtrek.com/Content/Images/Speakers/James Bender.png"
                },
                {
                "Id":112,
                "Name":"Adam Caudill",
                "Bio":"Adam Caudill is a software developer with over 15 years of experience, and independent security researcher with a focus on application security, secure communications, and cryptography. Currently working on initiatives to improve the security and privacy of email and similar messaging systems. Active blogger, open source contributor, and advocate for user privacy and protection.",
                "ImageUrl":"http://stirtrek.com/Content/Images/Speakers/Adam-Caudill.png"
                },
                {
                "Id":113,
                "Name":"Ricky Rickard, Jr.",
                "Bio":"I have been in technology for over 20 years, however my focus over the last few years has changed to the developer and security aspects and how they intertwine.",
                "ImageUrl":"http://stirtrek.com/Content/Images/Speakers/Ricky-Rickard.png"
                },
                {
                "Id":114,
                "Name":"Stan Jónsson",
                "Bio":"Stan has been developing software for over 16 years, both in the United States and Iceland. He has written and consumed more Web Services than he cares to admit and has tried to be a good boy and test his code. He works as a senior consultant at Quick Solutions. He has worn many hats during his career; as a tester, programmer, technical lead, architect, agile coach, and manager. He was one of the founders and president of Agilenetið, the main Agile user group in Iceland. He is the proud father of 3 kids, a hobby magician and an avid cyclist. You can follow him on www.sjonsson.com and @sjonsson.",
                "ImageUrl":"http://stirtrek.com/Content/Images/Speakers/Stan-Jonsson.png"
                },
                {
                "Id":115,
                "Name":"Johnson Denen",
                "Bio":"I started my career in software testing as a QA analyst at Epic. I tested lab interfaces for EMR software and bugs could literally kill people! I got into automation by hacking PowerShell and SQL scripts together, and eventually, I discovered Ruby. I haven\u0027t written a PowerShell script since. I\u0027m now the Lead Automation Engineer at FactGem and an adjunct CS professor at Columbus State. I have a passion for automation, continuous delivery, software testing, and the Cavs.",
                "ImageUrl":"http://stirtrek.com/Content/Images/Speakers/Johnson-Denen.png"
                },
                {
                "Id":116,
                "Name":"Cassandra Faris",
                "Bio":"Cassandra Faris is the Talent Manager at Improving Enterprises, a software development consulting and training company in Columbus, Ohio. She is highly involved in the regional technical community, and is President of the Microsoft-focused Dog Food Conference and Marketing Lead for CloudDevelop Conference. She has an MBA in Organizational Leadership and Marketing, and is an avid tabletop gamer, runner, and a soccer fan who travels as much as possible.",
                "ImageUrl":"http://stirtrek.com/Content/Images/Speakers/Cassandra-Faris.png"
                },
                {
                "Id":117,
                "Name":"Ondrej Balas",
                "Bio":"Ondrej is the owner of UseTech Design, a Michigan-based development company that focuses primarily on .NET and other Microsoft technologies. Ondrej is also a Microsoft MVP in C#, a writer for Visual Studio Magazine, and the current president of the Great Lakes Area .NET User Group in Southfield, MI. As a consultant Ondrej works across many industries including finance, manufacturing, and logistics. Areas of expertise include similarity and matching across large data sets, algorithm design, distributed architecture, and dependency injection.",
                "ImageUrl":"http://stirtrek.com/Content/Images/Speakers/Ondrej-Balas.png"
                },
                {
                "Id":118,
                "Name":"Michael Hagesfeld",
                "Bio":"Michael Hagesfeld has been making it up as he goes along for the last 40 years, which has been of infinite help in his career as a full stack .Net developer (14 years); a comic improviser (10 years); and a husband (10 years) and parent (6 years).",
                "ImageUrl":"http://stirtrek.com/Content/Images/Speakers/Michael-Hagesfeld.png"
                },
                {
                "Id":119,
                "Name":"Jim Everett",
                "Bio":"Jim Everett is a Senior Consultant at HMB where he designs custom software solutions for clients. He has over 14 years of professional software development experience, working on projects for various levels of government, school districts, and Fortune 50 companies. Jim has a Master’s Degree in Computer Science from the College of William and Mary, and enjoys talking about the all things software with a frosty beverage in hand.",
                "ImageUrl":"http://stirtrek.com/Content/Images/Speakers/Jim-Everett.png"
                },
                {
                "Id":120,
                "Name":"Matt Darby",
                "Bio":"I’ve been in the industry for over fifteen years and have worked remotely with teams in the startup, consulting, engineering, and hosting industries. I am also a professor and have taught remotely for over three years.",
                "ImageUrl":"http://stirtrek.com/Content/Images/Speakers/Matt-Darby.png"
                },
                {
                "Id":121,
                "Name":"Zander Hill",
                "Bio":"I\u0027ve been a full time remote developer for two different organizations, starting back in 2013. As someone coming from non-traditional CS background, I\u0027m interested in analyzing the patterns that make distributed teams thrive or wilt. And want to share those observations with Stir Trek.",
                "ImageUrl":"http://stirtrek.com/Content/Images/Speakers/Zander-Hill.png"
                },
                {
                "Id":122,
                "Name":"Benjamin Bykowski",
                "Bio":"Ben has more than 18 years’ experience in both technology and information architecture. Prior to creating Falls Digital, Ben led a team of designers, developers, and technology professionals at a Cleveland-based interactive marketing agency. With roots in Ohio, Ben was classically trained in computer science \u0026 engineering at the University of Toledo. A life-long learner, Ben earned an MBA from Case Western. Ben is a Microsoft Certified Professional and a member of the Information Architecture Institute and Interaction Design Association. Off the grid, Ben is the married father of three boys and is civically engaged in his local and regional community. He enjoys sailing, snowboarding, traveling, reading, and is a practiced chef and DJ.",
                "ImageUrl":"http://stirtrek.com/Content/Images/Speakers/Benjamin-Bykowski.png"
                },
                {
                "Id":123,
                "Name":"Eric Browning",
                "Bio":"A designer working in NE Ohio, Eric has worked on game projects, client work independently and at agencies, and mentored startups. Solving hard problems through efficient and usable design is his passion. When he\u0027s not knee deep in pixels, you can usually find him hiking with his wife and their dog.",
                "ImageUrl":"http://stirtrek.com/Content/Images/Speakers/Eric-Browning.png"
                },
                {
                "Id":124,
                "Name":"Kevin Mack",
                "Bio":"Developer and consultant focused on creating user interfaces and user experiences for large-scaling websites. Kevin is also a co-founder and organizer of The Columbus Web Group \u003chttp://www.meetup.com/Columbus-Web-Group\u003e where he actively participates in growing and educating the community around design, development, best practices and standards for the web. You can find him rambling on Twitter or working on open source projects on GitHub.",
                "ImageUrl":"http://stirtrek.com/Content/Images/Speakers/Kevin-Mack.png"
                },
                {
                "Id":125,
                "Name":"Caitlin Steinert",
                "Bio":"Caitlin Steinert is vaguely considering running off to join the circus. She works as a consultant for Cardinal Solutions in Columbus, Ohio.",
                "ImageUrl":"http://stirtrek.com/Content/Images/Speakers/Caitlin-Steinert.png"
                },
                {
                "Id":126,
                "Name":"Patrick Roach",
                "Bio":"Patrick Roach is web developer at Inedo and a 17th-level wizard. He’s also the lead game designer for Release!, the software-themed game that smashed it’s Kickstarter goals by over 2,000%. In addition to gaming for hobby, Patrick is passionate about how games, gaming, and gamification intersect with software development, technology, and everyday life.",
                "ImageUrl":"http://stirtrek.com/Content/Images/Speakers/Patrick-Roach.png"
                },
                {
                "Id":127,
                "Name":"Matthew Bok",
                "Bio":"Matthew Bok is a Business Analyst and PMP certified project manager.",
                "ImageUrl":"http://stirtrek.com/Content/Images/Speakers/Matthew-Bok.png"
                },
                {
                "Id":128,
                "Name":"Christopher Slee",
                "Bio":"Christopher Slee is a Principle at AWH and helps run the Dev:Launch apprenticeship program. With close to 40 years of software development (he started in elementary school) he is passing that knowledge down to groups of apprentices that get their careers going at AWH. Chris got involved in robotics a number of years ago and has been mentoring FRC (competitive robotics) and FLL (lego) teams.",
                "ImageUrl":"http://stirtrek.com/Content/Images/Speakers/Chris-Slee.png"
                },
                {
                "Id":129,
                "Name":"Matthew D. Groves",
                "Bio":"Matthew D. Groves is a guy who loves to code. It doesn\u0027t matter if it\u0027s C#, jQuery, PHP, or submitting pull requests. He has been coding ever since he wrote a QuickBASIC point-of-sale app for his parent\u0027s pizza shop back in the 90s. He currently works remotely for Heuristic Solutions. In his free time, he spends time with his family, watches the Reds, and gets involved in the developer community. He is the author of AOP in .NET (published by Manning), and is also a Microsoft MVP.",
                "ImageUrl":"http://stirtrek.com/Content/Images/Speakers/Matt-Groves.png"
                },
                {
                "Id":130,
                "Name":"Jeffrey A. Miller",
                "Bio":"Jeffrey A. Miller is a tech lead and application architect with over 17 years of experience delivering enterprise software for business, government, and healthcare. He provides leadership in the Microsoft application development practice for Information Control Company, LLC. Jeffrey has presented topics at company SIG meetings, local user groups, and a national healthcare conference. Jeffrey is co-founder of the WorldVax.org open source software project that provides expert immunization guidance to caregivers.",
                "ImageUrl":"http://stirtrek.com/Content/Images/Speakers/Jeff-Miller.png"
                },
                {
                "Id":133,
                "Name":"Jeff Valore",
                "Bio":"Jeff is a Pluralsight author and has over 15 years of experience in software development. Over the last two years he has been focused on client-side web development, JavaScript, Cordova, and Telerik Kendo UI. Jeff enjoys blogging, strives to be an active participant in the software development community, and is a proponent of software craftsmanship.",
                "ImageUrl":"http://stirtrek.com/Content/Images/Speakers/Jeff-Valore.png"
                },
                {
                "Id":134,
                "Name":"Rachel Wilkins Patel",
                "Bio":"I\u0027m a technologist with experience in web application development, media and community building. Founder of HER Ideas in Motion, an education program for girls in technology and media arts. I\u0027ve lived and traveled extensively across four continents and holds a M.F.A. and B.A. from Hollins University.",
                "ImageUrl":"http://stirtrek.com/Content/Images/Speakers/Rachel-Wilkins-Patel.png"
                },
                {
                "Id":135,
                "Name":"Eric Potter",
                "Bio":"I am a Software Architect for Aptera Software in Fort Wayne Indiana and Nashville Tennessee, working primarily in the .Net platform. I have been developing high quality custom software solutions since 2001. I am also an adjunct professor of computer science at Indiana Tech. I love to dabble in new and exciting technologies. In my spare time, I love to tinker with Arduino projects. I have an amazing wife and 5 wonderful children.",
                "ImageUrl":"http://stirtrek.com/Content/Images/Speakers/Eric-Potter.png"
                }
                ],
    "Sessions":[
                {
                "Id":99,
                "Name":"Breakfast",
                "Abstract":"",
                "SpeakerIds":[
                
                ],
                "TimeSlotId":15,
                "TrackId":null,
                "Tags":[
                
                ]
                },
                {
                "Id":100,
                "Name":"Lunch",
                "Abstract":"",
                "SpeakerIds":[
                
                ],
                "TimeSlotId":10,
                "TrackId":null,
                "Tags":[
                
                ]
                },
                {
                "Id":101,
                "Name":"Avengers: Age of Ultron",
                "Abstract":"",
                "SpeakerIds":[
                
                ],
                "TimeSlotId":12,
                "TrackId":null,
                "Tags":[
                
                ]
                },
                {
                "Id":103,
                "Name":"10 Things to Make Your Site Faster and Make More Money Today",
                "Abstract":"Web sites are fat and slow. Study after study shows a direct correlation between performance and sales. Slow line of business applications negatively affect worker performance and quality. Despite these facts most developers ignore simple things to make the web go faster.\r\n\r\nDevelopment teams need a performance first culture, not a \"\"we\u0027ll get to it if we have time attitude\"\". Most web sites rely on too many resources, too much data and respond slowly at run-time. But performance optimization is more than just optimizing resources, and has little to do with the server, performance is about responding quickly in all phases. This session reviews 10 simple things you can change about your web site and development workflow today to shave seconds off your application\u0027s load time and run-time responsiveness. These techniques are simple to implement and demonstrate how easy it is to make performance a feature in your development team, making stakeholders much happier.",
                "SpeakerIds":[
                              90
                              ],
                "TimeSlotId":3,
                "TrackId":32,
                "Tags":[
                
                ]
                },
                {
                "Id":105,
                "Name":"Building Web Apps with Grunt and Bower in Visual Studio 2015",
                "Abstract":"Modern web app developers use a large collection of client-side libraries and compex workflows to design, develop, build, and deploy their solutions. Visual Studio 2015 and ASP.NET 5.0 introduce IDE support for package management and task execution. A typical workflow might include SASS/LESS pre-compilation for style sheets, CoffeeScript/TypeScript/Javascript bundling and minification, JSHint/JSLint code quality inspection, Jasmine/Karma unit testing and code coverage, and complex file renaming and distribution. Visual Studio 2015 now includes support for managing these processes right in the IDE alongside your html designer and code editor!",
                "SpeakerIds":[
                              92
                              ],
                "TimeSlotId":5,
                "TrackId":32,
                "Tags":[
                
                ]
                },
                {
                "Id":106,
                "Name":"Building Test Driven JavaScript Components",
                "Abstract":"Writing large monolithic blocks of JavaScript that does everything in one file is not wise nor scalable. Choosing the right library, framework and tool is a complex choice in which you will inevitably need to write your own components and extensions. How do you create a component that is robust and can be reused across projects? In what ways can you development small, single purpose component that does one thing well? How do you integrate a series of simple components to form a complex application?\r\n\r\nThe key to making a robust and reusable component is to build it in a test driven manner so you can deploy, refactor and reuse with confidence. We will focus on native JavaScript that is agnostic to any front end framework and focus on best practices to develop reusable, single-purpose and tested JavaScript components.",
                "SpeakerIds":[
                              93
                              ],
                "TimeSlotId":6,
                "TrackId":32,
                "Tags":[
                
                ]
                },
                {
                "Id":107,
                "Name":"Using CSS Flexbox: How to craft responsive layouts without grid systems.",
                "Abstract":"Since its inception, CSS has not handled combined vertical and horizontal layouts in an efficient manner. As developers, we started with tables, then graduated to floats and positioning, and then to grid systems. The mobile internet introduced even more complexity in our layout world, adding in media queries, polyfills, etc. \r\nIn 2011, the W3C CSS committee introduced the flexbox specification, meant to allow for fully flexible horizontal and vertical layout management that works logically in multiple resolutions, without media queries. 3 years later, flexbox is finally becoming a mainstream solution. However, it isn\u0027t simple to use--there are undocumented \u0027quirks\u0027 that will frustrate even the most experienced CSS expert. \r\nAs a User Experience Designer and UI Developer at Cardinal Health, Mike Earley has been using CSS Flexbox in Cardinal\u0027s commercial applications for over 2 years. He has successfully implemented it in applications that were already using alternative layout systems, and has also built an application\u0027s layout structure using flexbox from the start. \r\nThe session will cover the basics of the various flexbox properties, and then delve into detailed layouts involving flexbox--i.e. a full administration application\u0027s layout. The session will touch on some of the hidden concepts in flexbox, like the flex \u0027line\u0027, which is an undocumented \u0027feature\u0027 of flexbox.",
                "SpeakerIds":[
                              94
                              ],
                "TimeSlotId":7,
                "TrackId":32,
                "Tags":[
                
                ]
                },
                {
                "Id":108,
                "Name":"A Swift Introduction to Swift",
                "Abstract":"Swift is an exciting new language introduced by Apple during WWDC 2014. Taking cues from modern languages such as Rust and F#, Swift is a refreshing replacement for the aging Objective-C language. Swift\u0027s playground environment makes it easy to quickly play with the language and is the tool of choice for experimentation. This session will bring you up to speed with the Swift language through live code demos inside of a Swift playground. You\u0027ll leave with the knowledge needed to tackle iOS and Mac applications using a brand new language.",
                "SpeakerIds":[
                              95
                              ],
                "TimeSlotId":5,
                "TrackId":33,
                "Tags":[
                
                ]
                },
                {
                "Id":109,
                "Name":"\"Internet of things\" connected to things",
                "Abstract":"What if your app could identify other users based on proximity to other “connected devices\". \r\n\r\nIn this chat we will discuss how to use GPS, Wifi and Bluetooth to enable a multi-channel mobile and web experience. We will explore how different strategies can be employed based on the context of how a user is interacting in our solution. Throughout this presentation the presenters will speak to the solution from both business and technical perspectives.\r\n\r\nPoints of focus include: \r\n\r\n- Business : Omni-channel strategies and fundamentals which can be utilized to build habit forming experiences.\r\n\r\n- Technologies: Cross platform development using Xamarin, Web and backend development using Node.js, Mobile device integration with WIFI, Bluetooth, and GPS components. \r\n\r\nWalk through proof of concept which incorporates the technologies and concepts discussed.",
                "SpeakerIds":[
                              97,
                              96
                              ],
                "TimeSlotId":4,
                "TrackId":33,
                "Tags":[
                
                ]
                },
                {
                "Id":111,
                "Name":"The Smartwatch revolution!",
                "Abstract":"Apple Watch is around the corner. Wearables are definitely the way of the future. In this session, we will start by looking at a history of wearables and how history has shaped their future and uses. We will take a look at the fascinating applications in which wearables are being used.\r\n\r\nNext, We will look at a smart watch platform that boasts of the largest collection of apps (2000 plus) written for it : The Pebble Watch (www.getpebble.com).\r\n\r\nWe will create a Pebble App that allows us to browse StirTrek sessions and speakers. We will also create a companion iOS app that allows us to tag our selected session and demonstrate the interactivity between the Pebble Watch and the iPhone.\r\n\r\nFinally we will create an apple watch app that functions similarly to the Pebble Watch app. Code will be provided for each of the apps.",
                "SpeakerIds":[
                              99
                              ],
                "TimeSlotId":6,
                "TrackId":33,
                "Tags":[
                
                ]
                },
                {
                "Id":112,
                "Name":"How to think in SQL, a set-based mindset",
                "Abstract":"One of the main sticking points for developers when they need to write SQL is thinking about the process the incorrect way. Java, C# and others require procedural thinking for optimization, but SQL optimization requires a different tactic, set-based thinking. In this talk, Kevin Devine, takes you through a number of SQL scenarios that were originally written procedurally and shows you how they were optimized using set-based thinking. We will talk about optimizer decisions like full scan, index fast full scan, index range scan, hash joins, merge joins, nested loops anti semi joins, lazy spool, hash aggregate and more. In addition, we will examine the fallacy of process-oriented thinking for SQL and focus on results-oriented thinking. At the end of this talk, you should be able to look at SQL differently and go home ready to optimize those hard to understand queries.",
                "SpeakerIds":[
                              100
                              ],
                "TimeSlotId":7,
                "TrackId":33,
                "Tags":[
                
                ]
                },
                {
                "Id":113,
                "Name":"How Long Will It Take? - A Guide to Software Estimation",
                "Abstract":"\"How long will it take?\" is something no developer ever likes to hear. Developers don\u0027t work in a vacuum though and someone in the business will probably want to do some planning. This talk will start with why you need to be good at estimating and cover some fallacies surrounding estimation in Agile shops. Then we\u0027ll discuss multiple ways to perform estimates and the pros and cons of each. You\u0027ll leave this talk having a better sense for why estimation is important, tools to make it easier, and hopefully less fear of the word.",
                "SpeakerIds":[
                              101
                              ],
                "TimeSlotId":3,
                "TrackId":34,
                "Tags":[
                
                ]
                },
                {
                "Id":114,
                "Name":"\"OMG! This Codebase Sucks!\" Paying Down Technical Debt While Continuing to Delivery Value",
                "Abstract":"Sure, you know you need to clean up the lousy codebase that\u0027s falling apart at the seams, but how are you going to figure out what to fix, how to fix it, who will fix it-and how you\u0027ll get that done while meeting the other commitments of continuing to deliver new value to your customers?\r\n\r\nWe\u0027ll discuss figuring out business\u0027s goals and priorities, then look to codebase metrics, defect rates, and source code churn in order to determine what areas of the codebase to work on.\r\n\r\nArmed with that information, we\u0027ll talk about different ways to negotiate getting technical debt paid off while meeting your larger goals of continuing to ship value to your customers.\r\n\r\nThis talk won\u0027t cover best practices (BECAUSE THERE AREN\u0027T ANY) nor will it attempt to convince you there are simple fixes to an unhealthy codebase. What you WILL leave with are ideas on how you can approach creating a strategy for your current situation.",
                "SpeakerIds":[
                              102
                              ],
                "TimeSlotId":4,
                "TrackId":34,
                "Tags":[
                
                ]
                },
                {
                "Id":115,
                "Name":"DevOps: What It Is, What it Isn\u0027t, and Why Coders Should Care",
                "Abstract":"DevOps is a lot of things. It’s also not a lot of things, and the differences can lead to confusion and incorrect assumptions. DevOps is related to Agile, but it’s not the same thing as Agile. It needs tools, but the tools are just a part of the story. DevOps is a cultural shift, a methodology, an operational philosophy, and a metaphor for software delivery. It’s only about five years old, so it’s still toddling around development teams, management meetings, and executive boardrooms, attracting attention with every conversation. The DevOps meme is about to go hype-rsonic, as Agile did about ten years ago. When that happens, you’ll want to have a good idea what it is, what is isn’t, and why you and your company should care. This presentation will cut through the hype and boil DevOps down to its bare essentials. I’ll talk about what DevOps is and the value it offers. I’ll dispel a few common myths, and demonstrate resources for supporting DevOps Transformation in your organization. DevOps means different things to different people, so we’ll talk about how to communicate DevOps concepts to various enterprise stakeholders. When we’re done, you’ll be empowered to go out into the world and talk about DevOps, and maybe even help make it happen at your company.",
                "SpeakerIds":[
                              103
                              ],
                "TimeSlotId":5,
                "TrackId":34,
                "Tags":[
                
                ]
                },
                {
                "Id":116,
                "Name":"Modeling Your Applications Based on Airport Operations. Yes, even the TSA Part.",
                "Abstract":"If you’ve only spent a small amount of time in an airport, then you may have missed the tight orchestration it takes to get you – and your bags – from Point A to Point B. You seem to go from one line to the next – waiting for your turn to be processed. Getting your boarding pass in one line, x-rayed in another, snacks in another. Each line you stand in is completely unrelated to all the other lines, yet, they each play an important role in the overall process of getting you to your destination. Building scaleable distributed applications has many of those same characteristics. Seemingly disjointed, independent processes that work together to perform a larger function. This talk will focus on the design characteristics of this approach and include some real world examples using Golang, Docker \u0026 RabbitMQ – though this technique is tool agnostic. The airport metaphor will be stretched to the limit and there are sure to be some groan-worthy examples.",
                "SpeakerIds":[
                              104
                              ],
                "TimeSlotId":6,
                "TrackId":34,
                "Tags":[
                
                ]
                },
                {
                "Id":117,
                "Name":"Real World Design Patterns",
                "Abstract":"Design patterns provide templates for solving the same family of problems in similar ways. They also provide developers with higher level language terms to use to describe approaches to application design or architecture. See several design patterns described and applied to real world problems, and the benefits they provide when applied properly in this fashion.",
                "SpeakerIds":[
                              105
                              ],
                "TimeSlotId":7,
                "TrackId":34,
                "Tags":[
                
                ]
                },
                {
                "Id":118,
                "Name":"Diagnosing Cancer with Azure Machine Learning",
                "Abstract":"Azure Machine Learning provides an unusual mix of features designed to allow you to easily create \"predictions as a service.\" There is integration with existing Azure data services, including HDInsight, a click and drag visual editor for creating machine learning experiments, and integration with the R language and libraries. The aim is to have a product which allows beginners to get started in machine learning while still delivering the features experts require. Does it deliver? We will build an experiment to predict cancer diagnoses based on observed characteristics of diagnostic imaging. We will also compare what we have built with other systems which attempt to solve the same class of problems.",
                "SpeakerIds":[
                              106
                              ],
                "TimeSlotId":3,
                "TrackId":37,
                "Tags":[
                
                ]
                },
                {
                "Id":119,
                "Name":"Fun Ways to Abuse Free Cloud Hosting Credits",
                "Abstract":"Most of the large cloud providers give away hundreds of dollars in cloud hosting dollars. Anyone with a MSDN subscription gets free Azure credits each month, Amazon offers a year of free-tier hosting, etc. Rather than letting unused credits expire this presentation explores a few fun and useful ideas for ways to put those dollars to work.\r\n",
                "SpeakerIds":[
                              107
                              ],
                "TimeSlotId":4,
                "TrackId":37,
                "Tags":[
                
                ]
                },
                {
                "Id":120,
                "Name":"Getting Started As An OpenStack Contributor",
                "Abstract":"Nowadays \"\"cloud\"\" is all the rage. You\u0027ve probably worked on or know of an application that is deployed to the cloud. That\u0027s great, but why just be a consumer? Why not actually work on the software that *is* the cloud?\r\n\r\nOpenStack is an open source project for creating and managing clouds. It\u0027s rapidly maturing, actively maintained and super easy to hack on. The software itself is almost entirely written in Python.\r\n\r\nThis talk takes a deep dive into how to get started contributing to OpenStack.\r\n\r\n- We\u0027ll see an overview of OpenStack\u0027s technical and social architecture\r\n- We\u0027ll see how to setup a development environment that includes a mini cloud running on a virtual machine\r\n- Then we\u0027ll walk through making changes and all of the testing infrastructure that is there to support you",
                "SpeakerIds":[
                              108
                              ],
                "TimeSlotId":5,
                "TrackId":37,
                "Tags":[
                
                ]
                },
                {
                "Id":121,
                "Name":"Ingesting Events at Massive Scale with Azure Event Hubs",
                "Abstract":"Keeping up with the demand of incoming data from today’s systems is a huge challenge. Companies are interested in capturing every click, view, tap, measurement, motion, and thought possible so they can mine it for insight to get a competitive advantage. We are now also seeing systems that have to respond to events coming from thousands, or even millions, of devices thanks to the Internet of Things. Azure’s Event Hubs gives us the architectural scaffolding on which we can build the systems that can address these kinds of event stream-based workloads. You’ll learn where Event Hubs fits in the Azure ecosystem, how it works, and what you can do to get started in your own projects.",
                "SpeakerIds":[
                              109
                              ],
                "TimeSlotId":6,
                "TrackId":37,
                "Tags":[
                
                ]
                },
                {
                "Id":122,
                "Name":"Cloud on Lockdown: Securing Line-of-Business Applications in the Cloud Age",
                "Abstract":"In the past, security has been a secondary concern when designing Line-of-Business (LOB) applications. This is because it was usually safe to assume that the application would be contained entirely within the business network and on company hardware, locked safely behind layers of security.\r\nWhen moving to a hosted cloud solution, however, developers and architects must consider new risks. While well known to web developers, these threat vectors can have far greater consequences when building an application that runs (and potentially exposes) your business. \r\nThis session will demonstrate threat modeling techniques for cloud LOB architectures, and will present solutions for the most common, and most dangerous threats. Where security is concerned, there is no golden hammer, but this session will put many more tools in your chest.\r\n",
                "SpeakerIds":[
                              110
                              ],
                "TimeSlotId":7,
                "TrackId":37,
                "Tags":[
                
                ]
                },
                {
                "Id":123,
                "Name":"BDD with Cucumber in .NET with SpecFlow",
                "Abstract":"A key concept of any Agile methodology is communication. It’s no longer normal or acceptable for developers to sit and develop applications in isolation from the business. To that end, developers and business domain experts have been trying to find better ways to communicate. While developers tend to speak in terms of “code and technology” most business domain experts are more comfortable communicating in terms of scenarios, workflows and business rules.\r\nTest Driven Development (TDD) was the first step in getting these two groups to communicate in the same way. Developers could write unit tests that expressed business requirements with the hope that business users could validate that what was being tested was in fact what the desired behavior was. But, unit tests are still code and while it was better, the communication was still stilted and inefficient.\r\n\r\nTo help this communication new techniques such as Behavior Driven Development (BDD) and Acceptance Test Driven Development (ATDD) have become popular. Along with these new ideas, new tools like SpecFlow have become popular as a means to express unit tests in a way that the business can better understand and validate.\r\n\r\nThis session will demonstrate how SpecFlow can be leveraged in your BDD or ATDD practices. The Gherkin language and the “Given, When, Then” paradigm will be explained and you will see how to write tests in a way that business users are not only capable of reading, but can also help you create them.\r\n",
                "SpeakerIds":[
                              111
                              ],
                "TimeSlotId":3,
                "TrackId":35,
                "Tags":[
                
                ]
                },
                {
                "Id":124,
                "Name":"How crypto can hurt you! - What you don\u0027t know can be dangerous.",
                "Abstract":"Think your data is safe? Don’t be so sure. While crypto plays a role in nearly every system of any complexity, it’s often flawed due to common misunderstandings of how it should be implemented. This presentation discusses common mistakes seen in the wild, such as using the wrong block mode, misusing IVs, insecure password storage, poor key generation, and others. While this may sound like gibberish to the uninitiated, these issues, and how to tackle them will be clearly explained. Useful, practical advice for designing secure systems will be given along the way, making it easier to catch these mistakes before they make it to production - saving time, and protecting companies and users alike.",
                "SpeakerIds":[
                              112
                              ],
                "TimeSlotId":4,
                "TrackId":35,
                "Tags":[
                
                ]
                },
                {
                "Id":125,
                "Name":"Secure Test Driven Development: Brakeman, Gauntlt, OWASP and the Work Still to Be Done",
                "Abstract":"In an increasingly connected world, security has come to the forefront. As developers, you are one of the earliest lines of defense in insuring the website or application you build is not the next one to be compromised. In this talk, we will look at one way we can build a security conscience into the development process and make our applications more secure right from the very beginning.\r\n\r\nAfter a brief introduction, we will look at how to use existing test driven development practices to introduce security testing for known vulnerabilities. From there, we will look at the 3 most widely known tools for secure test driven development: Brakeman, Gauntlt, and the OWASP TDD project. This will include demonstrations of how to use all 3 and their strengths and weakness.\r\n\r\nThe talk will conclude with the steps that need to be taken to increase awareness of secure TDD and how the open source community can help build better tools and tests to help us prevent the most common types of attacks.",
                "SpeakerIds":[
                              113
                              ],
                "TimeSlotId":5,
                "TrackId":35,
                "Tags":[
                
                ]
                },
                {
                "Id":126,
                "Name":"Testing Web Services",
                "Abstract":"This session will cover various tools, frameworks and techniques for testing Web Services. We will take the open source SoapUI, JMeter and REST-assured for a spin, and learn how they can be used for smoke testing, load testing, performance testing, acceptance testing, probing and mocking Web Services. Examples will include SOAP and RESTful Web Services using XML and JSON. Some general tips will be provided on Web Service development. There will be some code examples in Java, but the session should benefit anyone struggling with Web Service testing.",
                "SpeakerIds":[
                              114
                              ],
                "TimeSlotId":6,
                "TrackId":35,
                "Tags":[
                
                ]
                },
                {
                "Id":127,
                "Name":"Wile E Agile: Catching up with quality",
                "Abstract":"Ever feel like your agile development team was a step behind? Has careful planning blown up in your face like an ACME rocket? Are you losing the race with the quality roadrunner?\r\n\r\nThis is the story of Manta\u0027s two-person test engineering team and how we ditched \"\"traditional\"\" agile methods for even faster processes. Full regression test suites, bug cards, and feature branches were holding us back. We needed to be faster than that roadrunner, so we sped everything up to 100 MPH!",
                "SpeakerIds":[
                              115
                              ],
                "TimeSlotId":7,
                "TrackId":35,
                "Tags":[
                
                ]
                },
                {
                "Id":128,
                "Name":"It\u0027s OK to Talk to Strangers",
                "Abstract":"Tired of job boards and recruiter spam? There’s a better way to manage your career growth. Networking is something that doesn’t come naturally to many people, but it’s a tool that every tech professional should have in their tool belt. In this talk, you’ll learn tips for growing your professional network online and offline. You’ll also learn strategies for intentionally fostering relationships. A good network means fewer strangers, more free lunches, and a better path to finding your next opportunity.",
                "SpeakerIds":[
                              116
                              ],
                "TimeSlotId":3,
                "TrackId":38,
                "Tags":[
                
                ]
                },
                {
                "Id":129,
                "Name":"Monetize Yourself",
                "Abstract":"Wherever you go you see people talking about monetizing apps, websites, blogs, games, and more. But there’s more to it than that. Almost everyone I talk to has a story – they want to create something, quit their job, and live comfortably off of that one thing. But for every one success story there are many who have tried and failed. The good news is that by properly monetizing yourself through increased efficiency and the elimination of “waste”, you too can be a success story. You probably won’t create the next Facebook or Flappy Bird but you can live comfortably, do what you love, and have much more free time.",
                "SpeakerIds":[
                              117
                              ],
                "TimeSlotId":4,
                "TrackId":38,
                "Tags":[
                
                ]
                },
                {
                "Id":130,
                "Name":"Yes and! How lessons from improv comedy can help your development career",
                "Abstract":"A developer walks into a bar.  Then he leaves because it’s full of people and people are scary.  Developers are not known as the best communicators in the world.  Yet from entry level to the corner office, communication is the key to success.  This talk will show you how a few simple ideas from the world of improvisation, like “Yes, and,” and  “Never deny!” can make communicating a little less scary and a lot more productive.",
                "SpeakerIds":[
                              118
                              ],
                "TimeSlotId":5,
                "TrackId":38,
                "Tags":[
                
                ]
                },
                {
                "Id":131,
                "Name":"Coding with a Baby (Lessons learned from a developer with small children)",
                "Abstract":"Now you have done it...you and your spouse created a tiny human. Despite all the software you have written, the child will be your greatest creation. Did you know there are apps to track your child’s every sleeping and waking moment, as well as groups of apps which integrate to streamline your daily workflow, so you can spend more time with your family? Come and learn how a developer can survive having a baby with tips, tricks, and technologies to ease the transition into parenthood.",
                "SpeakerIds":[
                              119
                              ],
                "TimeSlotId":6,
                "TrackId":38,
                "Tags":[
                
                ]
                },
                {
                "Id":132,
                "Name":"Remotely Successful - Making it work at a distance",
                "Abstract":"Talent shortages, better quality of life, and rare skillsets. All these are reasons you might run a distributed team, now we\u0027ll help you make it work.\r\n\r\nHow do you manage distributed teams? How do you pair? How do you grow? How do you become friends? How can you mentor remotely? How can you manage remotely? Distributed teams face unique challenges in communication, technical growth, and bonding. We\u0027ll tackle the hard and soft sides of this increasingly important challenge.",
                "SpeakerIds":[
                              120,
                              121
                              ],
                "TimeSlotId":7,
                "TrackId":38,
                "Tags":[
                
                ]
                },
                {
                "Id":133,
                "Name":"Respons(ible)ive Design, Mobile First",
                "Abstract":"Responsive design is about more than media queries, Bootstrap, and hamburger icons (is it lunchtime yet?). It is about adeptly adapting your content for performance, device, context, and usability. What good is a responsive site if it takes forever to load? Is it a good idea to retrofit your site for responsive design? Should I use a framework and if so which one? What if my true love doesn’t love me back? (Don’t be ridiculous, you’re amazing!) What the heck is mobile first? We’ll answer these questions and more and explore real-world stories, gotchas, design patterns, tools, and sources of inspiration. At least one member of the audience will receive a copy of Luke Wroblewski’s Mobile First and templates for user-flow sitemaps and mobile wire frames will be shared with all.",
                "SpeakerIds":[
                              122
                              ],
                "TimeSlotId":3,
                "TrackId":36,
                "Tags":[
                
                ]
                },
                {
                "Id":134,
                "Name":"No More Static Comps: Toward a Modern Design Process",
                "Abstract":"The design landscape is broader now than ever before: apps for devices of all kinds of sizes, smart tvs, game consoles, and a constatnly increasing number of platforms and resolutions have led the industry to broadly adopt responsive design as a tool. However, the design process hasn\u0027t really kept up. Too often, pixel perfect static comps are used as the only touchpoint between designers and decision makers; presenting the designs in an out of context and limiting format. What needs to be done is to adapt each step of the design process to convey scaling, device context, motion and interactivity to give a more realistic idea of how the designs work. Case studies and tools for prototyping and creating interactive mockups will be examined, and a discussion of how to revamp current processes for an ever changing design world.",
                "SpeakerIds":[
                              123
                              ],
                "TimeSlotId":4,
                "TrackId":36,
                "Tags":[
                
                ]
                },
                {
                "Id":135,
                "Name":"Taking Responsive Design to the Next Level with Contextual Design",
                "Abstract":"There’s more to Responsive Web Design than just scaling content and changing layout. Todays’ users expect a more personalized experience. Contextual Design focuses not only on the user and the user’s device but also on their location, social graph, loyalty and connectivity. Incorporating these enhancements in your web apps will help lead to personalized products and services, better conversions, additional measurement points, a more performant website, and overall better customer satisfaction. This interactive presentation goes beyond the common perception of Responsive Web Design, with the goal of showing you how to create context-based experiences for your users. We will work together through great examples of contextual design, and discuss how to create a great experience while dealing with the limitations, restrictions, and capabilities of devices, browsers, and users.",
                "SpeakerIds":[
                              124
                              ],
                "TimeSlotId":5,
                "TrackId":36,
                "Tags":[
                
                ]
                },
                {
                "Id":136,
                "Name":"Designing with C.R.A.P.",
                "Abstract":"Let\u0027s face it: the choices that designers make on a daily basis often seem completely arbitrary to developers. Typefaces, colors, and layouts are apparently plucked out of thin air. Why those ones? Who knows! There\u0027s a general impression that you have to be \"artsy\" and \"gifted\" to be a designer. While I\u0027m sure that helps, the fact of the matter is that designers aren\u0027t pulling this stuff out of the ether. In fact, most design choices can be boiled down to four basic design principles. Together they\u0027re known (affectionately) as C.R.A.P., and just being aware of their existence will help you make better design judgements no matter where you rate on the dev-to-designer continuum.",
                "SpeakerIds":[
                              125
                              ],
                "TimeSlotId":6,
                "TrackId":36,
                "Tags":[
                
                ]
                },
                {
                "Id":137,
                "Name":"Pinochle, Dungeons \u0026 Dragons, and Software Usability",
                "Abstract":"Sure it\u0027s great that your software functions, but how is the User Experience? It\u0027s easy to forget that usability needs to be just as good as the code, if not better.\r\n\r\nSo what does that have to do with trump suits and slaying goblins? There is a corollary between the stuff you do for fun, and the stuff you do professionally. Designing with a mind for usability becomes a hurdle when absorbed in the details of development, be it code or dice probabilities. \r\n\r\nThe difference is that games don\u0027t do anything but get used: a game you can\u0027t play is a non-functioning one. Whereas software actually does stuff, and the user\u0027s experience is only one small part of a large set of requirements. So we cut corners. \r\n\r\nThis talk uses game design to help describe a methodology for maintaining meaningful usability, and making your software not only function, but have a great user experience.",
                "SpeakerIds":[
                              126
                              ],
                "TimeSlotId":7,
                "TrackId":36,
                "Tags":[
                
                ]
                },
                {
                "Id":138,
                "Name":"You too can have a smart home and not take out a second mortgage for it.",
                "Abstract":"The idea of smart home is is just that for most, an idea. Having someone professionally install the components for a smart home is (for most) prohibitively expensive. Doing it yourself is a daunting task, but if you\u0027re willing to invest the time and energy you can transform your home into a smart home.\r\n\r\nBreaking down the technologies involved and the method the speaker used transforming his own house, attendees will learn what is possible on a modest budget in the area of home automation. You will be (virtually) taken into the home of the presenter as an interactive demonstration will walk you through what was done and how it was accomplished with live video showing real-time interaction with a system on the other side of Franklin county.\r\n\r\nPerhaps most importantly many of the pitfalls to avoid and mistakes that were be made will be discussed so perhaps you can learn from the many hours of trial and error that allowed the speaker\u0027s dream home come closer to reality.",
                "SpeakerIds":[
                              127
                              ],
                "TimeSlotId":3,
                "TrackId":39,
                "Tags":[
                
                ]
                },
                {
                "Id":139,
                "Name":"FIRST Robotics Competition - Real robots, from scratch, no lego or kits!",
                "Abstract":"FIRST Robotics puts on a competition every year where high school teams compete world wide in an all out robotics challenge. The Marysville High School team #3484 will bring the robot that it made from scratch (no lego or kits), demonstrate the challenge and tell you what it took to go from challenge to robot in 6 weeks. Fabrication, wiring, software development, and fun! You may find you want to get involved and help out your local High School with it\u0027s team as a mentor (yes it has one, you just didn\u0027t know about it).",
                "SpeakerIds":[
                              128
                              ],
                "TimeSlotId":4,
                "TrackId":39,
                "Tags":[
                
                ]
                },
                {
                "Id":140,
                "Name":"Forget the big mapper, switch to Dapper",
                "Abstract":"A full-blown OR/M like NHibernate or Entity Framework is not always necessary. Often you will spend too much time learning quirks, battling performance, and struggling with edge cases. Dapper is a \"micro OR/M\" that was first created for use on StackOverflow.com. Dapper has a small, but easy to use feature set that will race you to productivity. You\u0027ll be able to achieve speed comparable to plain ADO.NET without all the extra ceremony. In this session, you\u0027re introduced to Dapper, its benefits, and its limitations. You\u0027ll see how it\u0027s used in real projects and you\u0027ll learn why you should start simple with your next data access layer.",
                "SpeakerIds":[
                              129
                              ],
                "TimeSlotId":5,
                "TrackId":39,
                "Tags":[
                
                ]
                },
                {
                "Id":141,
                "Name":"Six Degrees of Dev\u0027n - How Graph Databases Can Save Your Bacon",
                "Abstract":"So the CSS designer guy, um…”Kevin”, has to organize the mess of style sheets left in the wake of the Dev team’s rush to production. Always the afterthought, Kevin must seek out all places in the app where the CSS files are referenced and figure out how to proceed. He wonders desperately, “How in the world will I succeed when the code base is huge, I’m not a developer, and I’ve never used Visual Studio?” Kevin could use some help.\r\n\r\nSuddenly, an enthusiastic developer starts rambling about a “System Cross-Reference” and regular expressions and…what’s this?…a “Graph Database”. Ten minutes later, a confused Kevin sits at his desk with at least a glimmer of hope that his job won’t be so hard.\r\n\r\nUsing a real case study as an example, you’ll discover how Graph Databases can be a secret weapon to help your development team get a handle on your stuff. All of it.\r\n\r\nIn this talk, Jeffrey A. Miller demonstrates how Neo4j, a powerful graph database, can be used to model critical parts of an application and the processes that surround it.\r\n\r\nUsing Neo4j’s compelling visualizations and the way-cool CYPHER query language, you’ll see how you can model the connections between the stuff your team cares about, the stuff you’ve completely forgotten, and even the stuff you never even saw coming.\r\n\r\nImagine connecting work items to test cases to code artifacts to team members and deployment environments.\r\n\r\nFind answers to important questions, like:\r\n\r\n“If I change this code, what could I break, and what will QA need to retest?”\r\n“This CSS is a mess! Where are these files used in the app?”\r\n“We need answers about feature X. What developer worked on this? Who can answer my questions?”\r\nYou’ll see how you can tame the chaos and use graph databases to model the way out.",
                "SpeakerIds":[
                              130
                              ],
                "TimeSlotId":6,
                "TrackId":39,
                "Tags":[
                
                ]
                },
                {
                "Id":144,
                "Name":"JavaScript Modules; RequireJS vs Browserify",
                "Abstract":"Anyone who has written JavaScript knows how easy it is for the code to become a big ugly unmaintainable mess. Let\u0027s stop dumping code into one big file, mixing responsibilities, and putting everything in global scope! JavaScript modules can help us keep our code clean, maintainable and testable. RequireJS and Browserify are the two most popular JavaScript module loading frameworks. They serve a similar purpose, but have drastically different implementations. In this talk we will introduce JavaScript modules, and compare the features and drawbacks of RequireJS and Browserify. Which one is right for your next project?",
                "SpeakerIds":[
                              133
                              ],
                "TimeSlotId":4,
                "TrackId":32,
                "Tags":[
                
                ]
                },
                {
                "Id":145,
                "Name":"Bullet Proof Optimization for Full Stack Developers",
                "Abstract":"Developers on distributed teams aren’t always tasked with web performance optimization or hitting benchmarks when writing client side code, yet without performance standards it becomes easy to slow down a smooth feeling web site while adding front-end code. This can lead to other teams having to re-write code and make you look like you don’t understand the web. During this talk, I will detail a surefire low-level test plan for optimizing front-end code and monitoring Smoothness and Loading benchmarks before code is handed off to other teams. We’ll discuss how to measure mobile and responsive websites and key indicators to look for when performance is threatened. We’ll explore how fast a developer slows down their webpage by ignoring primary performance standards. We’ll cover latest performance tools across browsers.",
                "SpeakerIds":[
                              134
                              ],
                "TimeSlotId":3,
                "TrackId":33,
                "Tags":[
                
                ]
                },
                {
                "Id":146,
                "Name":"C# Inception: Using Roslyn and C# Code to Analyze C# Code",
                "Abstract":"Project Roslyn is Microsoft\u0027s next generation .Net compiler. It\u0027s API allows you to dig into the details of any C# or VB Code. It can be used to improve your code by doing deep analysis and custom rule enforcement. In this presentation, we will look at how you can get started with the Roslyn C# API.",
                "SpeakerIds":[
                              135
                              ],
                "TimeSlotId":7,
                "TrackId":39,
                "Tags":[
                
                ]
                }
                ],
    "Sponsors":[
                {
                "Id":43,
                "Name":"ICC",
                "Description":"",
                "LogoUrl":"/Content/Images/Logos/icc.png",
                "URL":"http://icctechnology.com/",
                "SponsorType":"Lunch"
                },
                {
                "Id":44,
                "Name":"CoverMyMeds",
                "Description":"",
                "LogoUrl":"/Content/Images/Logos/covermymeds.png",
                "URL":"http://covermymeds.com",
                "SponsorType":"Registration"
                },
                {
                "Id":27,
                "Name":"Sogeti",
                "Description":"Sogeti USA is a premier provider of information technology services to businesses\r\nand public-sector organizations worldwide. With 40 years of experience, Sogeti\r\noffers a comprehensive portfolio of services including: Microsoft Solutions,\r\nApplication Management, Business Intelligence, IBM Solutions, Project Delivery\r\nServices and Software Control Testing. Sogeti is a wholly-owned subsidiary\r\nof Capgemini, Sogeti employs approximately 20,000 people in the U.S. and\r\nthroughout Europe",
                "LogoUrl":"/Content/Images/Logos/sogeti.png",
                "URL":"https://us.sogeti.com/",
                "SponsorType":"Theater"
                },
                {
                "Id":30,
                "Name":"Telerik",
                "Description":"We are developers. That is who we are and whom we serve. We are bound together around a common cause: to build products that enable the entire developer community to create one-of-a-kind app experiences for their customers.",
                "LogoUrl":"/Content/Images/Logos/telerik.png",
                "URL":"http://telerik.com",
                "SponsorType":"Theater"
                },
                {
                "Id":31,
                "Name":"Leading EDJE",
                "Description":"We\u0027re serious tech experts who solve serious business problems, without taking ourselves too seriously in the process.\r\nIn other words, we\u0027re REAL. FUN. GEEKS.",
                "LogoUrl":"/Content/Images/Logos/leadingedje.png",
                "URL":"http://leadingedje.com",
                "SponsorType":"Theater"
                },
                {
                "Id":32,
                "Name":"ComResource",
                "Description":"ComResource is a business technology solutions provider that focuses on helping our clients understand how technology can be used to improve their business processes. We offer our clients professional, infrastructure, and integration services which supplement or enhance their own staff as well as solutions which will enhance their current business systems.\r\n\r\n \r\n\r\nThe ComResource mission is to provide customers with the highest level of service backed by a genuine commitment to honesty, quality and dedication and to meet their needs as their businesses continue to change and grow.",
                "LogoUrl":"/Content/Images/Logos/comresource.png",
                "URL":"http://comresource.com",
                "SponsorType":"Booth"
                },
                {
                "Id":33,
                "Name":"JumpMind",
                "Description":"JumpMind is a commerical open source software company specializing in data replication and integration software for the enterprise.  SymmetricDS is the single integration platform you need to sync databases and filesystems in real-time across a heterogeneous environment.  As open source software developers, we value openness, innovation, passion for our work, and having fun while working hard.  We provide consulting, development, training, and 24/7 support for our software.",
                "LogoUrl":"/Content/Images/Logos/jumpmind.png",
                "URL":"http://jumpmind.com",
                "SponsorType":"Booth"
                },
                {
                "Id":34,
                "Name":"OCLC",
                "Description":"Information seekers today demand more resources and faster access from every channel. To meet users\u0027 demands while managing costs, libraries need reliable access to cutting-edge technology. As a leader in data technology and an innovator in library cloud services, OCLC is uniquely positioned to partner with member libraries in this complex technology environment.",
                "LogoUrl":"/Content/Images/Logos/oclc.png",
                "URL":"http://oclc.org",
                "SponsorType":"Theater"
                },
                {
                "Id":35,
                "Name":"Stafford Technology",
                "Description":"",
                "LogoUrl":"/Content/Images/Logos/staffordtechnology.png",
                "URL":"http://stafford-technology.com",
                "SponsorType":"Booth"
                },
                {  
                "Id":36,
                "Name":"Fuse by Cardinal Health",
                "Description":"Fuse by Cardinal Health is here to create the future of health and wellness.  Fuse maintains an unexpected start-up atmosphere within a Fortune 19 company.  Our enticing, casual and creative environment is specifically designed to foster the ingenuity of every individual.\r\n\r\nWe know that ideas happen anywhere.  At Fuse, the ideas are shared among other great minds, vetted each day and turned into extraordinary healthcare solutions.",
                "LogoUrl":"/Content/Images/Logos/cardinalhealth.png",
                "URL":"http://cardinalhealth.com",
                "SponsorType":"Booth"
                },
                {  
                "Id":37,
                "Name":"Cardinal Solutions",
                "Description":"",
                "LogoUrl":"/Content/Images/Logos/cardinalsolutions.png",
                "URL":"http://cardinalsolutions.com",
                "SponsorType":"Booth"
                },
                {  
                "Id":38,
                "Name":"OEConnection",
                "Description":"OEConnection (OEC) is a technology leader of original equipment (OE) automotive parts software solutions. A joint venture between General Motors and Ford Motor Company, OEC provides parts e-commerce technology for all automakers and serves over 60,000 dealership and repair shop customers.\r\nOEC strives to achieve a work-life balance and a challenging, supportive and fun work environment. With celebrations for business and community achievements, competitions for charitable fundraising, on-site café, fitness center, massages and health coaches, and opportunities to engage the family with company events, OEC believes in happy associates and corporate social responsibility.",
                "LogoUrl":"/Content/Images/Logos/oeconnection.png",
                "URL":"http://oeconnection.com",
                "SponsorType":"Booth"
                },
                {  
                "Id":39,
                "Name":"Manifest Solutions",
                "Description":"Technology is our passion.  For over 20 years Manifest consultants have been making a difference in some of the most exciting businesses in Columbus.  Our commitment to training enables our consultants and clients to continuously adopt and grow with the advancement of new technologies.  Come see why Manifest was recently honored by Columbus CEO magazine and WBNS 10 TV as a Top Workplace for 2015.",
                "LogoUrl":"/Content/Images/Logos/manifestsolutions.png",
                "URL":"http://manifestsc.com",
                "SponsorType":"Theater"
                },
                {  
                "Id":40,
                "Name":"Quick Solutions",
                "Description":"Quick Solutions LLC is a leading Information Technology Consulting Firm headquartered in Columbus, Ohio. Recently combined with Fusion Alliance, Quick Solutions brings to the table more than 25 years of experience within the IT industry. Employing over 500 of the Midwest\u0027s leading consultants and maintaining expertise within the Financial Services, Pharma \u0026 Life Sciences, Energy, Manufacturing \u0026 Distribution, Retail and Professional Services Industries, Quick Solutions is a leader in digital technology consulting. Our breadth and depth of services span from custom application development, to strategic data and mobile technology solutions. Our number one goal is to deliver valuable enterprise solutions to our clients and expanded career opportunities along with interesting and challenging work for our employees.",
                "LogoUrl":"/Content/Images/Logos/quicksolutions.png",
                "URL":"http://quicksolutions.com",
                "SponsorType":"Theater"
                },
                {  
                "Id":41,
                "Name":"Falafel Software",
                "Description":"Falafel Software is a Microsoft Gold Certified partner that that has been providing custom software development, consultation, and training services worldwide since 2003. Whether you need a suite of mobile applications, help moving to the cloud, or assistance with any of our partner\u0027s technology, our team of Microsoft Certified Professionals will exceed your expectations.",
                "LogoUrl":"/Content/Images/Logos/falafel.png",
                "URL":"http://falafel.com",
                "SponsorType":"Theater"
                },
                {  
                "Id":45,
                "Name":"Virtual Hold ",
                "Description":"Virtual Hold Technology (VHT) is the market leader for intelligent cross-channel call back solutions that improve customer experience. Since its inception in 1995, VHT’s patented  award-winning virtual queuing technology provides unique cross-channel communication solutions that eliminate wait times – improving customer interactions, operational efficiencies, and revenue opportunities for leading global brands. ",
                "LogoUrl":"/Content/Images/Logos/virtualhold.png",
                "URL":"http://virtualhold.com",
                "SponsorType":"Booth"
                },
                {  
                "Id":46,
                "Name":"HMB",
                "Description":"",
                "LogoUrl":"/Content/Images/Logos/hmb.png",
                "URL":"http://hmbnet.com",
                "SponsorType":"Theater"
                },
                {  
                "Id":47,
                "Name":"CareWorks Tech",
                "Description":"For more than a decade, CareWorks Tech has been delivering technology solutions that drive results. The common thread across our 220 associates is our passion for crafting tech-savvy solutions. Whether it’s Infrastructure Services, IT Consulting, or Enterprise Service Management, we are all about creating something simply amazing and our client satisfaction speaks for itself. No matter what your business need, we want to meet you.",
                "LogoUrl":"/Content/Images/Logos/careworkstech.png",
                "URL":"http://careworkstech.com",
                "SponsorType":"Booth"
                },
                {  
                "Id":48,
                "Name":"Healthspot",
                "Description":"HealthSpot is healthcare, reimagined. A pioneer in connected care, HealthSpot has built a comprehensive healthcare delivery platform that combines cloud-based software with the award-winning HealthSpot station. HealthSpot’s platform radically transforms today’s healthcare system by enabling the delivery of quality, affordable medical care through a diverse professional care network for patients in efficient, convenient locations like pharmacies, employer and community sites, universities and the home.",
                "LogoUrl":"/Content/Images/Logos/healthspot.png",
                "URL":"http://healthspot.net",
                "SponsorType":"Booth"
                },
                {  
                "Id":49,
                "Name":"Pillar Technology",
                "Description":"",
                "LogoUrl":"/Content/Images/Logos/pillar.png",
                "URL":"http://pillartechnology.com",
                "SponsorType":"Booth"
                },
                {  
                "Id":28,
                "Name":"Fast Switch",
                "Description":"Fast Switch is one of Central Ohio’s leading IT staffing, IT staff augmentation, IT\r\nrecruiting, and IT executive search company who is also vendor management system\r\nfriendly. Fast Switch was formed in December of 1996 and currently has over 450\r\nassociates working across the United States. Our client base includes many top\r\ncompanies including: BMW, Victoria’s Secret, Abercrombie \u0026 Fitch, Cardinal Health,\r\nNationwide, Chemical Abstracts, Ford Motor Company, and many others. Fast Switch\r\nis best known for its simple business strategy- “Treat our consultants and clients as\r\nwe would like to be treated.” By being fast, flexible, and creative, Fast Switch standsout\r\nfrom other companies. Most companies talk a great game, but Fast Switch’s\r\nreputation for high integrity comes from following through on that promise as a\r\nhardworking, customer and consultant focused team. This yields more opportunities\r\nfor our current consulting team and future consulting teammates. www.fastswitch.com",
                "LogoUrl":"/Content/Images/Logos/fastswitch.png",
                "URL":"http://fastswitch.com",
                "SponsorType":"Breakfast"
                },
                {  
                "Id":42,
                "Name":"Improving Enterprises",
                "Description":"",
                "LogoUrl":"/Content/Images/Logos/improvingenterprises.png",
                "URL":"http://improvingenterprises.com",
                "SponsorType":"Lanyard"
                },
                {  
                "Id":29,
                "Name":"IGS Energy",
                "Description":"Founded in 1989, IGS Energy has been a leading advocate for change in the energy industry with the goal of offering a choice to commercial, industrial, and residential customers in energy supply. Today, we expertly advise and help consumers make smart energy decisions that fit their individualized needs. IGS Energy supplies natural gas and electricity to more than one million customers, and offers a variety of Home Protection products to help consumers protect their homes and further manage their energy costs.",
                "LogoUrl":"/Content/Images/Logos/igsenergy.png",
                "URL":"http://igsenergy.com",
                "SponsorType":"Refreshment"
                }
                ]
}