<?xml version="1.0" encoding="UTF-8"?>
<con:soapui-project id="5eac856d-5d25-488d-9255-2f3d376b89f6" activeEnvironment="Default" name="globalweather" resourceRoot="" soapui-version="5.1.2" xmlns:con="http://eviware.com/soapui/config"><con:settings/><con:interface xsi:type="con:WsdlInterface" id="9d25ebf1-eacd-4bdb-9e36-a7a787fdbd96" wsaVersion="NONE" name="GlobalWeatherSoap12" type="wsdl" bindingName="{http://www.webserviceX.NET}GlobalWeatherSoap12" soapVersion="1_2" anonymous="optional" definition="http://www.webservicex.net/globalweather.asmx?WSDL" xmlns:xsi="http://www.w3.org/2001/XMLSchema-instance"><con:settings/><con:definitionCache/><con:endpoints><con:endpoint>http://sjonsson2.local:8088/globalweather.asmx</con:endpoint><con:endpoint>http://www.webservicex.net/globalweather.asmx</con:endpoint></con:endpoints><con:operation id="d422c2ba-896a-4d82-b1e8-8532f804138b" isOneWay="false" action="http://www.webserviceX.NET/GetCitiesByCountry" name="GetCitiesByCountry" bindingOperationName="GetCitiesByCountry" type="Request-Response" inputName="" receivesAttachments="false" sendsAttachments="false" anonymous="optional"><con:settings/><con:call id="0e313e5b-49c1-488e-bf5d-4ec78172e59f" name="Request 1"><con:settings><con:setting id="com.eviware.soapui.impl.wsdl.WsdlRequest@request-headers">&lt;xml-fragment/></con:setting></con:settings><con:encoding>UTF-8</con:encoding><con:endpoint>http://www.webservicex.net/globalweather.asmx</con:endpoint><con:request><![CDATA[<soap:Envelope xmlns:soap="http://www.w3.org/2003/05/soap-envelope" xmlns:web="http://www.webserviceX.NET">
   <soap:Header/>
   <soap:Body>
      <web:GetCitiesByCountry>
         <!--Optional:-->
         <web:CountryName>Iceland</web:CountryName>
      </web:GetCitiesByCountry>
   </soap:Body>
</soap:Envelope>]]></con:request><con:credentials><con:authType>No Authorization</con:authType></con:credentials><con:jmsConfig JMSDeliveryMode="PERSISTENT"/><con:jmsPropertyConfig/><con:wsaConfig mustUnderstand="NONE" version="200508" action="http://www.webserviceX.NET/GlobalWeatherSoap/GetCitiesByCountryRequest"/><con:wsrmConfig version="1.2"/></con:call></con:operation><con:operation id="8d56cb58-b1a5-4d48-8e55-e6f751ed2d5c" isOneWay="false" action="http://www.webserviceX.NET/GetWeather" name="GetWeather" bindingOperationName="GetWeather" type="Request-Response" inputName="" receivesAttachments="false" sendsAttachments="false" anonymous="optional"><con:settings/><con:call id="f2adcd99-6c51-4b32-b945-5fca21858613" name="Request 1"><con:settings><con:setting id="com.eviware.soapui.impl.wsdl.WsdlRequest@request-headers">&lt;xml-fragment/></con:setting></con:settings><con:encoding>UTF-8</con:encoding><con:endpoint>http://www.webservicex.net/globalweather.asmx</con:endpoint><con:request><![CDATA[<soap:Envelope xmlns:soap="http://www.w3.org/2003/05/soap-envelope" xmlns:web="http://www.webserviceX.NET">
   <soap:Header/>
   <soap:Body>
      <web:GetWeather>
         <!--Optional:-->
         <web:CityName>Reykjavik</web:CityName>
         <!--Optional:-->
         <web:CountryName>Iceland</web:CountryName>
      </web:GetWeather>
   </soap:Body>
</soap:Envelope>]]></con:request><con:credentials><con:authType>No Authorization</con:authType></con:credentials><con:jmsConfig JMSDeliveryMode="PERSISTENT"/><con:jmsPropertyConfig/><con:wsaConfig mustUnderstand="NONE" version="200508" action="http://www.webserviceX.NET/GlobalWeatherSoap/GetWeatherRequest"/><con:wsrmConfig version="1.2"/></con:call></con:operation></con:interface><con:interface xsi:type="con:WsdlInterface" id="71acd5f9-9227-4a27-a2db-417881d494fd" wsaVersion="NONE" name="GlobalWeatherSoap" type="wsdl" bindingName="{http://www.webserviceX.NET}GlobalWeatherSoap" soapVersion="1_1" anonymous="optional" definition="http://www.webservicex.net/globalweather.asmx?WSDL" xmlns:xsi="http://www.w3.org/2001/XMLSchema-instance"><con:settings/><con:definitionCache type="TEXT" rootPart="http://www.webservicex.net/globalweather.asmx?WSDL"><con:part><con:url>http://www.webservicex.net/globalweather.asmx?WSDL</con:url><con:content><![CDATA[<wsdl:definitions targetNamespace="http://www.webserviceX.NET" xmlns:tm="http://microsoft.com/wsdl/mime/textMatching/" xmlns:soapenc="http://schemas.xmlsoap.org/soap/encoding/" xmlns:mime="http://schemas.xmlsoap.org/wsdl/mime/" xmlns:tns="http://www.webserviceX.NET" xmlns:soap="http://schemas.xmlsoap.org/wsdl/soap/" xmlns:s="http://www.w3.org/2001/XMLSchema" xmlns:soap12="http://schemas.xmlsoap.org/wsdl/soap12/" xmlns:http="http://schemas.xmlsoap.org/wsdl/http/" xmlns:wsdl="http://schemas.xmlsoap.org/wsdl/">
  <wsdl:types>
    <s:schema elementFormDefault="qualified" targetNamespace="http://www.webserviceX.NET">
      <s:element name="GetWeather">
        <s:complexType>
          <s:sequence>
            <s:element minOccurs="0" maxOccurs="1" name="CityName" type="s:string"/>
            <s:element minOccurs="0" maxOccurs="1" name="CountryName" type="s:string"/>
          </s:sequence>
        </s:complexType>
      </s:element>
      <s:element name="GetWeatherResponse">
        <s:complexType>
          <s:sequence>
            <s:element minOccurs="0" maxOccurs="1" name="GetWeatherResult" type="s:string"/>
          </s:sequence>
        </s:complexType>
      </s:element>
      <s:element name="GetCitiesByCountry">
        <s:complexType>
          <s:sequence>
            <s:element minOccurs="0" maxOccurs="1" name="CountryName" type="s:string"/>
          </s:sequence>
        </s:complexType>
      </s:element>
      <s:element name="GetCitiesByCountryResponse">
        <s:complexType>
          <s:sequence>
            <s:element minOccurs="0" maxOccurs="1" name="GetCitiesByCountryResult" type="s:string"/>
          </s:sequence>
        </s:complexType>
      </s:element>
      <s:element name="string" nillable="true" type="s:string"/>
    </s:schema>
  </wsdl:types>
  <wsdl:message name="GetWeatherSoapIn">
    <wsdl:part name="parameters" element="tns:GetWeather"/>
  </wsdl:message>
  <wsdl:message name="GetWeatherSoapOut">
    <wsdl:part name="parameters" element="tns:GetWeatherResponse"/>
  </wsdl:message>
  <wsdl:message name="GetCitiesByCountrySoapIn">
    <wsdl:part name="parameters" element="tns:GetCitiesByCountry"/>
  </wsdl:message>
  <wsdl:message name="GetCitiesByCountrySoapOut">
    <wsdl:part name="parameters" element="tns:GetCitiesByCountryResponse"/>
  </wsdl:message>
  <wsdl:message name="GetWeatherHttpGetIn">
    <wsdl:part name="CityName" type="s:string"/>
    <wsdl:part name="CountryName" type="s:string"/>
  </wsdl:message>
  <wsdl:message name="GetWeatherHttpGetOut">
    <wsdl:part name="Body" element="tns:string"/>
  </wsdl:message>
  <wsdl:message name="GetCitiesByCountryHttpGetIn">
    <wsdl:part name="CountryName" type="s:string"/>
  </wsdl:message>
  <wsdl:message name="GetCitiesByCountryHttpGetOut">
    <wsdl:part name="Body" element="tns:string"/>
  </wsdl:message>
  <wsdl:message name="GetWeatherHttpPostIn">
    <wsdl:part name="CityName" type="s:string"/>
    <wsdl:part name="CountryName" type="s:string"/>
  </wsdl:message>
  <wsdl:message name="GetWeatherHttpPostOut">
    <wsdl:part name="Body" element="tns:string"/>
  </wsdl:message>
  <wsdl:message name="GetCitiesByCountryHttpPostIn">
    <wsdl:part name="CountryName" type="s:string"/>
  </wsdl:message>
  <wsdl:message name="GetCitiesByCountryHttpPostOut">
    <wsdl:part name="Body" element="tns:string"/>
  </wsdl:message>
  <wsdl:portType name="GlobalWeatherSoap">
    <wsdl:operation name="GetWeather">
      <wsdl:documentation>Get weather report for all major cities around the world.</wsdl:documentation>
      <wsdl:input message="tns:GetWeatherSoapIn"/>
      <wsdl:output message="tns:GetWeatherSoapOut"/>
    </wsdl:operation>
    <wsdl:operation name="GetCitiesByCountry">
      <wsdl:documentation>Get all major cities by country name(full / part).</wsdl:documentation>
      <wsdl:input message="tns:GetCitiesByCountrySoapIn"/>
      <wsdl:output message="tns:GetCitiesByCountrySoapOut"/>
    </wsdl:operation>
  </wsdl:portType>
  <wsdl:portType name="GlobalWeatherHttpGet">
    <wsdl:operation name="GetWeather">
      <wsdl:documentation>Get weather report for all major cities around the world.</wsdl:documentation>
      <wsdl:input message="tns:GetWeatherHttpGetIn"/>
      <wsdl:output message="tns:GetWeatherHttpGetOut"/>
    </wsdl:operation>
    <wsdl:operation name="GetCitiesByCountry">
      <wsdl:documentation>Get all major cities by country name(full / part).</wsdl:documentation>
      <wsdl:input message="tns:GetCitiesByCountryHttpGetIn"/>
      <wsdl:output message="tns:GetCitiesByCountryHttpGetOut"/>
    </wsdl:operation>
  </wsdl:portType>
  <wsdl:portType name="GlobalWeatherHttpPost">
    <wsdl:operation name="GetWeather">
      <wsdl:documentation>Get weather report for all major cities around the world.</wsdl:documentation>
      <wsdl:input message="tns:GetWeatherHttpPostIn"/>
      <wsdl:output message="tns:GetWeatherHttpPostOut"/>
    </wsdl:operation>
    <wsdl:operation name="GetCitiesByCountry">
      <wsdl:documentation>Get all major cities by country name(full / part).</wsdl:documentation>
      <wsdl:input message="tns:GetCitiesByCountryHttpPostIn"/>
      <wsdl:output message="tns:GetCitiesByCountryHttpPostOut"/>
    </wsdl:operation>
  </wsdl:portType>
  <wsdl:binding name="GlobalWeatherSoap" type="tns:GlobalWeatherSoap">
    <soap:binding transport="http://schemas.xmlsoap.org/soap/http"/>
    <wsdl:operation name="GetWeather">
      <soap:operation soapAction="http://www.webserviceX.NET/GetWeather" style="document"/>
      <wsdl:input>
        <soap:body use="literal"/>
      </wsdl:input>
      <wsdl:output>
        <soap:body use="literal"/>
      </wsdl:output>
    </wsdl:operation>
    <wsdl:operation name="GetCitiesByCountry">
      <soap:operation soapAction="http://www.webserviceX.NET/GetCitiesByCountry" style="document"/>
      <wsdl:input>
        <soap:body use="literal"/>
      </wsdl:input>
      <wsdl:output>
        <soap:body use="literal"/>
      </wsdl:output>
    </wsdl:operation>
  </wsdl:binding>
  <wsdl:binding name="GlobalWeatherSoap12" type="tns:GlobalWeatherSoap">
    <soap12:binding transport="http://schemas.xmlsoap.org/soap/http"/>
    <wsdl:operation name="GetWeather">
      <soap12:operation soapAction="http://www.webserviceX.NET/GetWeather" style="document"/>
      <wsdl:input>
        <soap12:body use="literal"/>
      </wsdl:input>
      <wsdl:output>
        <soap12:body use="literal"/>
      </wsdl:output>
    </wsdl:operation>
    <wsdl:operation name="GetCitiesByCountry">
      <soap12:operation soapAction="http://www.webserviceX.NET/GetCitiesByCountry" style="document"/>
      <wsdl:input>
        <soap12:body use="literal"/>
      </wsdl:input>
      <wsdl:output>
        <soap12:body use="literal"/>
      </wsdl:output>
    </wsdl:operation>
  </wsdl:binding>
  <wsdl:binding name="GlobalWeatherHttpGet" type="tns:GlobalWeatherHttpGet">
    <http:binding verb="GET"/>
    <wsdl:operation name="GetWeather">
      <http:operation location="/GetWeather"/>
      <wsdl:input>
        <http:urlEncoded/>
      </wsdl:input>
      <wsdl:output>
        <mime:mimeXml part="Body"/>
      </wsdl:output>
    </wsdl:operation>
    <wsdl:operation name="GetCitiesByCountry">
      <http:operation location="/GetCitiesByCountry"/>
      <wsdl:input>
        <http:urlEncoded/>
      </wsdl:input>
      <wsdl:output>
        <mime:mimeXml part="Body"/>
      </wsdl:output>
    </wsdl:operation>
  </wsdl:binding>
  <wsdl:binding name="GlobalWeatherHttpPost" type="tns:GlobalWeatherHttpPost">
    <http:binding verb="POST"/>
    <wsdl:operation name="GetWeather">
      <http:operation location="/GetWeather"/>
      <wsdl:input>
        <mime:content type="application/x-www-form-urlencoded"/>
      </wsdl:input>
      <wsdl:output>
        <mime:mimeXml part="Body"/>
      </wsdl:output>
    </wsdl:operation>
    <wsdl:operation name="GetCitiesByCountry">
      <http:operation location="/GetCitiesByCountry"/>
      <wsdl:input>
        <mime:content type="application/x-www-form-urlencoded"/>
      </wsdl:input>
      <wsdl:output>
        <mime:mimeXml part="Body"/>
      </wsdl:output>
    </wsdl:operation>
  </wsdl:binding>
  <wsdl:service name="GlobalWeather">
    <wsdl:port name="GlobalWeatherSoap" binding="tns:GlobalWeatherSoap">
      <soap:address location="http://www.webservicex.net/globalweather.asmx"/>
    </wsdl:port>
    <wsdl:port name="GlobalWeatherSoap12" binding="tns:GlobalWeatherSoap12">
      <soap12:address location="http://www.webservicex.net/globalweather.asmx"/>
    </wsdl:port>
    <wsdl:port name="GlobalWeatherHttpGet" binding="tns:GlobalWeatherHttpGet">
      <http:address location="http://www.webservicex.net/globalweather.asmx"/>
    </wsdl:port>
    <wsdl:port name="GlobalWeatherHttpPost" binding="tns:GlobalWeatherHttpPost">
      <http:address location="http://www.webservicex.net/globalweather.asmx"/>
    </wsdl:port>
  </wsdl:service>
</wsdl:definitions>]]></con:content><con:type>http://schemas.xmlsoap.org/wsdl/</con:type></con:part></con:definitionCache><con:endpoints><con:endpoint>http://www.webservicex.net/globalweather.asmx</con:endpoint></con:endpoints><con:operation id="e53106fb-fd41-435e-9f83-ac232d468524" isOneWay="false" action="http://www.webserviceX.NET/GetCitiesByCountry" name="GetCitiesByCountry" bindingOperationName="GetCitiesByCountry" type="Request-Response" inputName="" receivesAttachments="false" sendsAttachments="false" anonymous="optional"><con:settings/><con:call id="a4d20753-3dc3-4ea2-8ed7-9476a6ef05ef" name="Request 1"><con:settings/><con:encoding>UTF-8</con:encoding><con:endpoint>http://www.webservicex.net/globalweather.asmx</con:endpoint><con:request><![CDATA[<soapenv:Envelope xmlns:soapenv="http://schemas.xmlsoap.org/soap/envelope/" xmlns:web="http://www.webserviceX.NET">
   <soapenv:Header/>
   <soapenv:Body>
      <web:GetCitiesByCountry>
         <!--Optional:-->
         <web:CountryName>?</web:CountryName>
      </web:GetCitiesByCountry>
   </soapenv:Body>
</soapenv:Envelope>]]></con:request><con:wsaConfig mustUnderstand="NONE" version="200508" action="http://www.webserviceX.NET/GetCitiesByCountry"/></con:call></con:operation><con:operation id="1a19c7ef-8680-455c-bd2c-b9c37a4ee0fd" isOneWay="false" action="http://www.webserviceX.NET/GetWeather" name="GetWeather" bindingOperationName="GetWeather" type="Request-Response" inputName="" receivesAttachments="false" sendsAttachments="false" anonymous="optional"><con:settings/><con:call id="48bc6bdb-8e43-4c81-8aa2-f0eae3319bb9" name="Request 1"><con:settings/><con:encoding>UTF-8</con:encoding><con:endpoint>http://www.webservicex.net/globalweather.asmx</con:endpoint><con:request><![CDATA[<soapenv:Envelope xmlns:soapenv="http://schemas.xmlsoap.org/soap/envelope/" xmlns:web="http://www.webserviceX.NET">
   <soapenv:Header/>
   <soapenv:Body>
      <web:GetWeather>
         <!--Optional:-->
         <web:CityName>?</web:CityName>
         <!--Optional:-->
         <web:CountryName>?</web:CountryName>
      </web:GetWeather>
   </soapenv:Body>
</soapenv:Envelope>]]></con:request><con:wsaConfig mustUnderstand="NONE" version="200508" action="http://www.webserviceX.NET/GetWeather"/></con:call></con:operation></con:interface><con:testSuite id="7d3e4a3b-5948-4c07-b543-7cfb4472cd1a" name="GlobalWeatherSoap12 TestSuite"><con:settings/><con:runType>SEQUENTIAL</con:runType><con:testCase id="dfffb106-bde3-482f-ace5-57f1c300a20a" failOnError="true" failTestCaseOnErrors="true" keepSession="false" maxResults="0" name="GlobalWeatherSoap12 TestSuite" searchProperties="true"><con:settings/><con:testStep type="request" id="fede47d6-41aa-43a3-8436-4f94494bae0b" name="GetCitiesByCountry"><con:settings/><con:config xsi:type="con:RequestStep" xmlns:xsi="http://www.w3.org/2001/XMLSchema-instance"><con:interface>GlobalWeatherSoap12</con:interface><con:operation>GetCitiesByCountry</con:operation><con:request name="GetCitiesByCountry" outgoingWss="" incomingWss="" timeout="" sslKeystore="" useWsAddressing="false" useWsReliableMessaging="false" wssPasswordType="" id="04f85c5c-3411-4e87-863f-ff59ada2f9d1"><con:settings><con:setting id="com.eviware.soapui.impl.wsdl.WsdlRequest@request-headers">&lt;xml-fragment/></con:setting></con:settings><con:encoding>UTF-8</con:encoding><con:endpoint>http://www.webservicex.net/globalweather.asmx</con:endpoint><con:request><![CDATA[<soap:Envelope xmlns:soap="http://www.w3.org/2003/05/soap-envelope" xmlns:web="http://www.webserviceX.NET">
   <soap:Header/>
   <soap:Body>
      <web:GetCitiesByCountry>
         <!--Optional:-->
         <web:CountryName>Iceland</web:CountryName>
      </web:GetCitiesByCountry>
   </soap:Body>
</soap:Envelope>]]></con:request><con:assertion type="SOAP Response" id="2b9cf655-5f9b-4a48-a285-851c7d62e957" name="SOAP Response"/><con:assertion type="Simple Contains" id="f80b9b5d-7e12-4795-b156-4e8c29859a71" name="Contains"><con:configuration><token>Reykjavik</token><ignoreCase>false</ignoreCase><useRegEx>false</useRegEx></con:configuration></con:assertion><con:credentials><con:authType>No Authorization</con:authType></con:credentials><con:jmsConfig JMSDeliveryMode="PERSISTENT"/><con:jmsPropertyConfig/><con:wsaConfig mustUnderstand="NONE" version="200508" action="http://www.webserviceX.NET/GlobalWeatherSoap/GetCitiesByCountryRequest"/><con:wsrmConfig version="1.2"/></con:request></con:config></con:testStep><con:testStep type="request" id="ed435e07-5972-4ce5-98f3-e5781a4e5076" name="GetWeather"><con:settings/><con:config xsi:type="con:RequestStep" xmlns:xsi="http://www.w3.org/2001/XMLSchema-instance"><con:interface>GlobalWeatherSoap12</con:interface><con:operation>GetWeather</con:operation><con:request name="GetWeather" outgoingWss="" incomingWss="" timeout="" sslKeystore="" useWsAddressing="false" useWsReliableMessaging="false" wssPasswordType="" id="c6b9a264-a51b-44f5-8f9c-2a3e8990f51e"><con:settings><con:setting id="com.eviware.soapui.impl.wsdl.WsdlRequest@request-headers">&lt;xml-fragment/></con:setting></con:settings><con:encoding>UTF-8</con:encoding><con:endpoint>http://localhost:8088/globalweather.asmx</con:endpoint><con:request><![CDATA[<soap:Envelope xmlns:soap="http://www.w3.org/2003/05/soap-envelope" xmlns:web="http://www.webserviceX.NET">
   <soap:Header/>
   <soap:Body>
      <web:GetWeather>
         <!--Optional:-->
         <web:CityName>Keflavik</web:CityName>
         <!--Optional:-->
         <web:CountryName>Iceland</web:CountryName>
      </web:GetWeather>
   </soap:Body>
</soap:Envelope>]]></con:request><con:assertion type="SOAP Response" id="51fc0402-8898-47c4-b8d5-cf833b7fde05" name="SOAP Response"/><con:credentials><con:authType>No Authorization</con:authType></con:credentials><con:jmsConfig JMSDeliveryMode="PERSISTENT"/><con:jmsPropertyConfig/><con:wsaConfig mustUnderstand="NONE" version="200508" action="http://www.webserviceX.NET/GlobalWeatherSoap/GetWeatherRequest"/><con:wsrmConfig version="1.2"/></con:request></con:config></con:testStep><con:loadTest id="824940c5-de33-4bcc-914a-26668a63c263" name="LoadTest 1"><con:settings/><con:threadCount>5</con:threadCount><con:startDelay>0</con:startDelay><con:sampleInterval>250</con:sampleInterval><con:calculateTPSOnTimePassed>true</con:calculateTPSOnTimePassed><con:resetStatisticsOnThreadCountChange>true</con:resetStatisticsOnThreadCountChange><con:historyLimit>-1</con:historyLimit><con:testLimit>20</con:testLimit><con:limitType>TIME</con:limitType><con:loadStrategy><con:type>Simple</con:type></con:loadStrategy><con:assertion type="Step Status" name="Step Status"/><con:maxAssertionErrors>100</con:maxAssertionErrors><con:cancelExcessiveThreads>true</con:cancelExcessiveThreads><con:strategyInterval>500</con:strategyInterval></con:loadTest><con:properties/></con:testCase><con:properties/></con:testSuite><con:mockService id="4fbb70cf-6b7f-4a93-a92c-2da3cfe31251" port="8088" path="/globalweather.asmx" host="sjonsson2.local" name="GlobalWeatherSoap12 MockService"><con:settings><con:setting id="com.eviware.soapui.impl.wsdl.mock.WsdlMockService@require-soap-action">false</con:setting></con:settings><con:properties/><con:mockOperation name="GetCitiesByCountry" id="eac14c31-e573-47d8-ab76-341df8d1ceec" interface="GlobalWeatherSoap12" operation="GetCitiesByCountry"><con:settings/><con:defaultResponse>Response 1</con:defaultResponse><con:dispatchStyle>SEQUENCE</con:dispatchStyle><con:response name="Response 1" id="ca1d007a-219b-4578-a898-8445bf77f8e1" httpResponseStatus="200" encoding="UTF-8"><con:settings/><con:responseContent><![CDATA[<soap:Envelope xmlns:soap="http://www.w3.org/2003/05/soap-envelope" xmlns:web="http://www.webserviceX.NET">
   <soap:Header/>
   <soap:Body>
      <web:GetCitiesByCountryResponse>
         <!--Optional:-->
         <web:GetCitiesByCountryResult>?</web:GetCitiesByCountryResult>
      </web:GetCitiesByCountryResponse>
   </soap:Body>
</soap:Envelope>]]></con:responseContent><con:wsaConfig mustUnderstand="NONE" version="200508" action="http://www.webserviceX.NET/GlobalWeatherSoap/GetCitiesByCountryResponse"/></con:response><con:dispatchConfig/></con:mockOperation><con:mockOperation name="GetWeather" id="6f690469-fb44-4b26-a281-f0b776aac904" interface="GlobalWeatherSoap12" operation="GetWeather"><con:settings/><con:defaultResponse>Response 1</con:defaultResponse><con:dispatchStyle>QUERY_MATCH</con:dispatchStyle><con:response name="Response 1" id="4265476a-3aea-4d7e-aec8-562912044a5e" httpResponseStatus="200" encoding="UTF-8"><con:settings/><con:responseContent><![CDATA[<soap:Envelope xmlns:soap="http://www.w3.org/2003/05/soap-envelope" xmlns:xsi="http://www.w3.org/2001/XMLSchema-instance" xmlns:xsd="http://www.w3.org/2001/XMLSchema">
   <soap:Body>
      <GetWeatherResponse xmlns="http://www.webserviceX.NET">
         <GetWeatherResult><![CDATA[<?xml version="1.0" encoding="utf-16"?>
<CurrentWeather>
  <Location>ReykjavikMock, Iceland (BIRK) 64-08N 021-54W 61M</Location>
  <Time>May 01, 2015 - 02:00 PM EDT / 2015.05.01 1800 UTC</Time>
  <Wind> from the NW (310 degrees) at 9 MPH (8 KT):0</Wind>
  <Visibility> greater than 7 mile(s):0</Visibility>
  <SkyConditions> mostly clear</SkyConditions>
  <Temperature> 39 F (4 C)</Temperature>
  <DewPoint> 14 F (-10 C)</DewPoint>
  <RelativeHumidity> 35%</RelativeHumidity>
  <Pressure> 29.91 in. Hg (1013 hPa)</Pressure>
  <Status>Success</Status>
</CurrentWeather>]]]]>><![CDATA[</GetWeatherResult>
      </GetWeatherResponse>
   </soap:Body>
</soap:Envelope>]]></con:responseContent><con:wsaConfig mustUnderstand="NONE" version="200508" action="http://www.webserviceX.NET/GlobalWeatherSoap/GetWeatherResponse"/></con:response><con:response name="Response 2" id="4265476a-3aea-4d7e-aec8-562912044a5e" httpResponseStatus="200" encoding="UTF-8"><con:settings/><con:responseContent><![CDATA[<soap:Envelope xmlns:soap="http://www.w3.org/2003/05/soap-envelope" xmlns:xsi="http://www.w3.org/2001/XMLSchema-instance" xmlns:xsd="http://www.w3.org/2001/XMLSchema">
   <soap:Body>
      <GetWeatherResponse xmlns="http://www.webserviceX.NET">
         <GetWeatherResult><![CDATA[<?xml version="1.0" encoding="utf-16"?>
<CurrentWeather>
  <Location>KeflavikMock, Iceland (BIRK) 64-08N 021-54W 61M</Location>
  <Time>May 01, 2015 - 02:00 PM EDT / 2015.05.01 1800 UTC</Time>
  <Wind> from the NW (310 degrees) at 9 MPH (8 KT):0</Wind>
  <Visibility> greater than 7 mile(s):0</Visibility>
  <SkyConditions> mostly clear</SkyConditions>
  <Temperature> 39 F (4 C)</Temperature>
  <DewPoint> 14 F (-10 C)</DewPoint>
  <RelativeHumidity> 35%</RelativeHumidity>
  <Pressure> 29.91 in. Hg (1013 hPa)</Pressure>
  <Status>Success</Status>
</CurrentWeather>]]]]>><![CDATA[</GetWeatherResult>
      </GetWeatherResponse>
   </soap:Body>
</soap:Envelope>]]></con:responseContent><con:wsaConfig mustUnderstand="NONE" version="200508" action="http://www.webserviceX.NET/GlobalWeatherSoap/GetWeatherResponse"/></con:response><con:dispatchConfig xsi:type="con:MockOperationQueryMatchDispatch" xmlns:xsi="http://www.w3.org/2001/XMLSchema-instance"><con:query><con:name>Keflavik</con:name><con:query>declare namespace web='http://www.webserviceX.NET';
declare namespace soap='http://www.w3.org/2003/05/soap-envelope';
/soap:Envelope/soap:Body/web:GetWeather/web:CityName</con:query><con:match>Keflavik</con:match><con:response>Response 2</con:response></con:query></con:dispatchConfig></con:mockOperation></con:mockService><con:properties/><con:wssContainer/><con:oAuth2ProfileContainer/></con:soapui-project>